,Name,Team,POS,Gs,MPG,ZFG%,ZFT%,ZPTS,Z3PM,ZREB,ZAST,ZSTL,ZBLK,ZTOV,ZAVG,ZPUNT
1,Anthony Davis,NOP,PF,72,36.0,0.938,0.695,3.067,-0.661,2.59,-0.084,1.513,3.931,-0.958,1.226,1.038
14,Andre Drummond,DET,C,79,33.0,1.178,-2.024,0.517,-1.495,4.65,-0.138,1.804,1.983,-1.091,0.598,0.984
31,Rudy Gobert,UTA,C,70,33.0,2.786,-0.96,0.227,-1.495,2.919,-0.731,-0.524,3.715,-0.426,0.612,0.892
13,Ben Simmons,PHI,PG,79,35.0,1.806,-2.284,1.251,-1.376,1.436,3.525,2.386,0.9,-2.686,0.551,0.856
50,DeAndre Jordan,DAL,C,79,32.0,3.766,-2.261,-0.352,-1.495,3.661,-0.784,-0.815,1.55,0.105,0.375,0.855
2,Giannis Antetokounmpo,MIL,PF,78,36.0,1.048,0.151,2.796,-0.661,1.889,1.532,1.804,1.983,-1.888,0.962,0.815
3,Karl-Anthony Towns,MIN,C,80,36.0,1.455,0.943,2.197,0.172,3.043,0.024,0.058,1.766,-0.825,0.981,0.813
7,Nikola Jokic,DEN,C,75,32.0,0.827,1.026,1.29,0.291,2.425,1.855,0.931,0.684,-1.357,0.886,0.808
41,Clint Capela,HOU,C,73,28.0,3.359,-2.497,0.401,-1.495,2.425,-0.946,-0.233,2.416,-0.028,0.378,0.785
4,Stephen Curry,GSW,PG,72,32.0,0.457,1.736,2.564,3.745,-0.089,1.855,2.095,-0.831,-1.755,1.086,0.782
64,Larry Nance,CLE,C,70,26.0,2.139,-0.842,-0.333,-1.376,1.23,-0.677,1.804,0.9,1.169,0.446,0.741
15,Draymond Green,GSW,PF,75,32.5,-0.245,-0.014,-0.256,-0.066,1.189,2.394,1.804,1.55,-1.49,0.541,0.734
8,Kevin Durant,GSW,PF,67,34.0,0.901,1.357,2.313,1.601,0.694,1.316,-0.233,2.199,-1.623,0.947,0.694
23,Chris Paul,HOU,PG,63,31.5,-0.19,1.665,0.942,1.363,0.159,2.663,2.386,-0.831,-0.825,0.815,0.675
9,Kawhi Leonard,TOR,SF,70,34.0,0.254,1.144,2.41,0.887,0.612,0.455,2.386,0.684,-0.692,0.904,0.655
6,LeBron James,LAL,PF,75,36.0,1.085,-0.724,2.719,0.53,1.477,3.471,1.222,0.251,-3.483,0.728,0.65
0,James Harden,HOU,SG,80,35.4,-0.375,0.979,3.279,2.911,0.323,3.202,2.095,0.034,-4.148,0.922,0.577
30,Otto Porter,WAS,SF,76,32.0,0.586,0.612,0.497,0.887,0.447,-0.407,1.513,-0.182,1.036,0.554,0.554
63,Hassan Whiteside,MIA,C,69,26.0,1.511,-1.114,0.208,-1.495,2.548,-1.108,-0.524,2.849,-0.16,0.302,0.517
10,John Wall,WAS,PG,77,36.0,-0.541,0.34,1.772,0.053,-0.377,3.794,2.968,0.684,-3.085,0.623,0.499
80,Dwight Howard,WAS,C,77,30.0,2.121,-2.568,0.304,-1.495,2.878,-0.784,-0.524,2.199,-0.958,0.13,0.491
19,Jimmy Butler,MIN,SG,67,36.5,-0.005,0.873,1.869,0.053,0.2,1.047,2.677,-0.182,-0.559,0.664,0.462
11,Paul George,OKC,SF,77,35.5,-0.282,1.05,2.004,1.72,0.612,0.562,2.677,-0.398,-1.755,0.688,0.448
59,Steven Adams,OKC,C,76,33.0,2.509,-2.19,0.324,-1.495,1.601,-0.784,0.64,0.9,-0.293,0.135,0.44
62,Kristaps Porzingis,NYK,PF,60,31.5,-0.449,0.364,1.347,0.887,0.818,-0.731,-0.524,3.498,-0.426,0.532,0.439
77,Lonzo Ball,LAL,PG,70,30.0,-1.391,-3.207,-0.468,0.53,0.529,1.963,1.513,0.467,-0.559,-0.069,0.436
17,Victor Oladipo,IND,SG,72,33.0,-0.098,0.305,1.521,0.887,-0.047,0.67,2.677,0.251,-1.357,0.534,0.426
20,Kyle Lowry,TOR,PG,75,32.0,-0.615,0.884,0.807,2.197,0.076,1.963,0.931,-0.615,-0.958,0.519,0.426
28,Joel Embiid,PHI,C,58,31.0,0.272,0.128,2.352,0.172,2.507,0.401,-0.233,3.065,-3.218,0.605,0.424
5,Russell Westbrook,OKC,PG,80,35.2,-0.597,0.092,2.719,0.291,2.054,4.117,2.095,-0.615,-4.414,0.638,0.419
117,Jordan Bell,GSW,C,70,20.0,2.62,-0.7,-1.183,-1.495,0.117,-0.084,-0.233,1.55,0.371,0.107,0.407
45,Myles Turner,IND,C,70,30.0,0.642,0.34,0.362,-0.423,0.694,-0.731,-0.524,2.849,0.238,0.383,0.392
113,Dewayne Dedmon,ATL,C,65,24.0,1.936,-0.109,-0.662,-0.542,1.23,-0.838,-0.524,0.9,0.504,0.211,0.381
85,Kyle Anderson,MEM,SF,73,27.0,0.642,-0.475,-0.932,-1.019,0.159,0.024,1.804,0.467,0.504,0.13,0.369
24,Jrue Holiday,NOP,SG,75,34.0,0.18,0.021,0.884,0.41,-0.336,2.017,1.513,0.251,-1.49,0.383,0.364
71,Paul Millsap,DEN,PF,65,32.0,-0.098,-0.452,0.497,-0.185,0.859,0.185,1.222,1.117,-0.559,0.287,0.363
32,Kevin Love,CLE,C,70,32.0,-0.467,1.085,1.019,1.84,2.178,-0.246,-0.233,-0.182,-0.426,0.508,0.352
39,Kris Dunn,CHI,PG,72,32.0,-0.652,-0.487,0.44,-0.423,-0.253,1.909,2.968,0.251,-1.357,0.266,0.349
26,Marc Gasol,MEM,C,75,33.0,-0.282,0.66,0.729,0.41,0.983,0.885,-0.233,1.766,-1.091,0.425,0.348
51,Al Horford,BOS,C,71,32.0,0.18,0.068,0.15,0.053,0.859,1.047,-0.524,1.117,-0.293,0.295,0.348
57,Nikola Vucevic,ORL,C,69,28.0,0.235,-0.168,0.536,-0.304,1.601,0.077,0.058,0.9,-0.16,0.308,0.344
55,Jarrett Allen,BRK,C,74,27.0,2.49,0.459,-0.082,-1.376,1.024,-0.892,-0.815,1.983,-0.028,0.307,0.341
54,Robert Covington,PHI,SF,73,28.0,-1.151,0.825,-0.256,1.363,0.035,-0.623,2.095,0.467,0.105,0.318,0.327
78,Nikola Mirotic,NOP,PF,68,28.0,-0.763,0.459,0.266,1.84,1.065,-0.677,-0.233,0.467,0.504,0.325,0.315
84,Jonathan Isaac,ORL,PF,69,27.0,-0.911,0.199,-0.72,-0.423,0.117,-0.946,1.804,2.199,0.238,0.173,0.297
44,Gary Harris,DEN,SG,70,33.0,0.309,0.624,0.884,1.363,-0.872,0.024,2.095,-0.831,-0.028,0.396,0.294
43,John Collins,ATL,PF,77,27.5,2.102,-0.274,0.111,-1.257,1.354,-0.623,-0.524,1.117,-0.16,0.205,0.287
29,Eric Bledsoe,MIL,PG,70,31.0,0.087,0.222,1.058,0.649,-0.336,1.424,2.095,-0.182,-1.755,0.362,0.283
58,Aaron Gordon,ORL,PF,73,33.0,-0.467,-0.393,0.98,0.53,0.818,-0.192,0.64,0.467,0.105,0.276,0.272
52,Mike Conley,MEM,PG,65,32.0,-0.56,0.884,1.038,1.244,-0.748,1.747,1.222,-0.615,-0.426,0.421,0.266
138,JaVale McGee,LAL,C,68,18.0,2.767,-1.859,-0.623,-1.495,0.117,-1.108,-1.106,1.766,0.903,-0.071,0.263
33,Kyrie Irving,BOS,PG,60,32.0,0.365,1.677,2.313,1.84,-0.624,1.424,0.349,-0.615,-0.958,0.641,0.254
73,Jaren Jackson,MEM,0,72,28.0,-0.319,-0.121,-0.43,-0.423,0.529,-0.731,-0.524,3.498,-0.293,0.132,0.248
40,Joe Ingles,UTA,SF,80,31.0,-0.098,0.222,-0.352,1.363,-0.336,0.832,1.222,-0.831,-0.426,0.177,0.247
12,Damian Lillard,POR,PG,74,36.0,-0.486,1.617,2.7,2.197,-0.212,1.963,0.349,-0.615,-1.49,0.669,0.244
65,Josh Richardson,MIA,SF,72,32.0,-0.375,0.683,0.034,0.768,-0.748,0.024,1.222,0.684,0.105,0.266,0.24
203,DeMarcus Cousins,GSW,C,35,26.0,-0.061,-0.298,1.096,0.768,1.518,0.562,0.64,0.9,-2.686,0.271,0.234
60,Lauri Markkanen,CHI,PF,70,32.0,-0.393,0.991,1.019,1.84,1.189,-0.731,-0.815,0.034,0.504,0.404,0.233
38,Jayson Tatum,BOS,SF,77,32.0,0.346,0.695,0.594,0.41,0.117,-0.515,0.64,0.467,0.105,0.318,0.224
36,Tobias Harris,LAC,PF,78,32.0,-0.042,0.873,0.961,1.006,0.117,0.024,0.64,-0.182,-0.028,0.374,0.219
101,Mohamed Bamba,ORL,0,72,26.0,-0.024,-0.996,-0.642,-1.138,1.106,-1.161,-0.524,2.849,0.371,-0.018,0.211
42,LaMarcus Aldridge,SAS,C,72,32.5,0.642,0.589,1.193,-1.019,1.148,-0.461,-0.815,1.55,0.371,0.355,0.202
97,Thaddeus Young,IND,PF,75,29.0,0.383,-2.355,-0.507,-0.661,0.406,-0.623,1.804,-0.398,0.504,-0.161,0.202
118,Derrick Favors,UTA,C,70,28.0,1.196,-1.445,-0.101,-1.257,0.859,-0.731,0.058,0.9,0.371,-0.017,0.199
16,Khris Middleton,MIL,SF,78,35.0,-0.264,1.369,1.29,1.006,-0.006,0.67,1.513,-0.615,-0.958,0.445,0.192
34,Klay Thompson,GSW,SG,76,34.0,0.198,0.849,1.521,2.673,-0.542,-0.3,-0.524,-0.182,-0.028,0.407,0.185
56,Luka Doncic,DAL,0,72,31.0,-0.818,0.175,0.42,0.649,0.653,1.532,0.349,-0.398,-0.692,0.208,0.182
86,James Johnson,MIA,PF,72,27.0,0.642,-1.007,-0.391,-0.304,0.076,0.455,0.058,0.9,-0.559,-0.014,0.181
145,Mason Plumlee,DEN,C,78,22.0,1.806,-2.616,-0.855,-1.495,0.529,-0.084,-0.524,0.9,0.105,-0.248,0.177
196,Kevon Looney,GSW,C,70,20.0,1.788,-2.083,-1.145,-1.376,-0.089,-0.946,-0.524,1.333,1.036,-0.223,0.175
25,Bradley Beal,WAS,SG,77,35.0,0.087,0.447,1.946,1.84,-0.418,0.562,0.349,-0.398,-0.825,0.399,0.171
69,Jusuf Nurkic,POR,C,73,27.5,0.716,-1.599,0.517,-1.495,1.807,-0.3,0.058,1.766,-1.357,0.013,0.171
22,Donovan Mitchell,UTA,SG,77,35.0,-0.449,0.423,1.869,1.601,-0.418,0.67,1.804,-0.398,-1.623,0.387,0.17
21,Kemba Walker,CHO,PG,78,33.0,-0.652,1.062,1.676,1.84,-0.707,1.37,0.64,-0.615,-0.692,0.436,0.169
102,Pau Gasol,SAS,C,72,26.0,-0.245,-0.44,-0.41,-0.661,1.354,0.185,-1.106,1.333,0.238,0.028,0.157
178,Cody Zeller,CHO,C,62,25.0,1.603,-0.688,-0.623,-1.495,0.571,-0.731,-0.233,0.684,0.637,-0.031,0.148
87,Jabari Parker,CHI,PF,62,32.0,0.383,-0.038,0.961,0.053,0.447,-0.03,0.64,-0.182,-0.293,0.216,0.145
112,Willie Cauley-Stein,SAC,C,74,26.0,0.993,-1.457,-0.101,-1.495,0.571,-0.246,0.349,0.467,0.371,-0.061,0.144
91,DeAndre Ayton,PHO,0,72,30.0,0.771,-0.605,-0.024,-1.257,1.518,-0.677,-0.524,1.117,-0.028,0.032,0.131
66,Enes Kanter,NYK,C,72,26.0,2.121,0.695,0.285,-1.376,2.26,-0.731,-1.106,0.034,-0.293,0.21,0.13
201,Tristan Thompson,CLE,C,75,26.0,2.065,-2.485,-1.087,-1.495,1.312,-1.054,-1.106,0.251,0.903,-0.3,0.125
61,Dejounte Murray,SAS,PG,78,28.0,-0.005,-0.452,-0.101,-1.138,0.941,0.778,1.222,0.034,-0.958,0.036,0.125
79,Rondae Hollis-Jefferson,BRK,SF,71,30.0,0.087,0.033,0.459,-1.257,0.941,0.077,0.931,0.251,-0.293,0.137,0.105
205,John Henson,MIL,C,68,20.0,1.529,-1.859,-1.145,-1.495,0.159,-0.838,-1.106,1.55,0.903,-0.256,0.1
170,Jakob Poeltl,SAS,C,78,19.0,2.897,-1.693,-1.106,-1.495,-0.047,-1.161,-1.106,0.9,0.637,-0.242,0.089
67,Jonas Valanciunas,TOR,C,77,24.0,1.769,0.494,0.188,-1.257,1.56,-1.0,-1.397,0.684,0.238,0.142,0.085
198,Nerlens Noel,OKC,C,62,18.0,1.4,-0.818,-1.067,-1.495,0.2,-1.0,0.349,0.467,0.637,-0.147,0.08
158,Montrezl Harrell,LAC,C,70,20.0,3.063,-1.587,-0.14,-1.495,-0.336,-0.838,-1.106,0.467,0.77,-0.134,0.075
83,Blake Griffin,DET,PF,60,34.0,-0.467,0.009,1.56,0.768,0.9,1.855,-0.524,-0.398,-1.623,0.231,0.073
94,Taj Gibson,MIN,PF,79,32.0,1.455,-0.416,-0.352,-1.376,0.859,-0.784,-0.815,0.467,0.637,-0.036,0.063
115,Al-Farouq Aminu,POR,PF,74,28.0,-1.355,-0.416,-0.72,0.649,0.694,-0.731,0.64,0.034,0.504,-0.078,0.062
116,Wendell Carter Jr.,CHI,0,72,26.0,0.198,-0.57,-0.546,-1.019,0.9,-0.461,-0.524,1.333,-0.028,-0.08,0.057
27,C.J. McCollum,POR,SG,80,35.5,-0.208,0.943,1.657,1.363,-0.542,0.508,0.349,-0.398,-0.692,0.331,0.054
110,Dirk Nowitzki,DAL,C,72,26.5,-0.282,1.44,-0.179,0.41,0.365,-0.731,-0.815,0.251,1.169,0.181,0.052
99,Kent Bazemore,ATL,SG,67,28.0,-0.985,0.045,-0.024,0.53,-0.459,0.347,1.222,0.251,-0.559,0.041,0.05
90,Will Barton,DEN,SG,70,30.0,-0.671,0.234,0.266,0.649,-0.047,0.562,0.058,0.034,-0.293,0.088,0.042
88,Serge Ibaka,TOR,PF,75,27.5,0.05,0.541,-0.082,0.172,0.406,-1.0,-1.397,1.55,0.504,0.083,0.041
132,Pascal Siakam,TOR,PF,78,23.0,0.827,-1.114,-0.893,-1.019,-0.047,-0.461,-0.233,0.251,0.903,-0.198,0.032
221,Andre Roberson,OKC,SG,70,27.0,0.642,-4.094,-1.318,-1.138,-0.336,-0.946,0.349,0.467,1.169,-0.578,0.03
49,Taurean Waller-Prince,ATL,SF,78,31.0,-0.837,0.719,0.42,1.125,-0.047,-0.084,0.931,0.034,-0.958,0.145,0.023
68,Buddy Hield,SAC,SG,80,26.0,-0.523,1.215,0.285,1.363,-0.418,-0.353,0.64,-0.831,0.238,0.18,0.017
127,Rajon Rondo,LAL,PG,66,26.0,-0.449,-2.332,-0.874,-0.542,-0.253,2.555,0.931,-1.048,-1.091,-0.345,0.015
163,Kyle O'Quinn,IND,C,76,15.0,1.677,0.104,-1.338,-1.495,0.035,-0.623,-1.397,1.117,0.77,-0.128,0.012
47,Ricky Rubio,UTA,PG,75,30.0,-1.022,1.227,0.111,0.053,-0.212,1.586,1.804,-1.048,-1.091,0.156,0.01
92,Allen Crabbe,BRK,SG,75,30.0,-0.745,1.003,0.208,1.84,-0.377,-0.677,-0.233,-0.398,0.637,0.14,0.007
46,Gordon Hayward,BOS,SF,70,32.0,-0.153,0.778,1.502,0.768,-0.006,0.347,0.349,-0.615,-0.692,0.253,-0.0
35,Jamal Murray,DEN,PG,80,32.0,-0.282,1.499,0.922,1.125,-0.501,0.401,0.349,-0.398,-0.692,0.269,0.0
232,Ed Davis,BRK,C,73,17.0,2.084,-1.22,-1.492,-1.495,0.571,-1.161,-1.106,0.034,1.036,-0.305,-0.005
48,Jeff Teague,MIN,PG,75,32.0,-0.541,0.932,0.188,-0.185,-0.789,1.963,1.222,-0.615,-1.091,0.12,-0.005
185,Maurice Harkless,POR,SF,73,22.0,0.679,-1.114,-0.971,-0.423,-0.748,-0.946,-0.233,0.467,1.169,-0.236,-0.005
119,E'Twaun Moore,NOP,SG,75,31.0,0.346,-0.594,-0.237,0.53,-0.872,-0.192,0.058,-0.615,0.637,-0.104,-0.015
140,Rudy Gay,SAS,PF,60,26.0,-0.061,0.21,0.034,-0.423,0.241,-0.569,0.349,0.251,0.105,0.015,-0.015
72,Nicolas Batum,CHO,SG,75,32.0,-0.966,1.026,0.092,0.291,0.159,1.155,0.349,-0.398,-0.692,0.113,-0.015
70,Julius Randle,NOP,C,77,27.0,1.381,-0.44,0.613,-1.257,1.395,0.024,-0.524,-0.182,-0.958,0.006,-0.017
109,Tim Hardaway,NYK,PG,66,32.0,-0.578,0.577,0.729,1.482,-0.666,-0.138,0.349,-0.831,0.238,0.129,-0.021
173,Markelle Fultz,PHI,SG,70,24.0,-0.855,-2.616,-0.275,-0.423,-0.377,1.155,0.64,-0.398,0.105,-0.338,-0.022
177,Tyreke Evans,IND,PG,52,26.0,-0.56,-0.002,0.42,0.649,-0.253,0.832,0.349,-0.615,-0.559,0.029,-0.022
148,Bam Adebayo,MIA,C,72,24.0,1.233,-0.334,-0.623,-1.495,0.735,-0.461,-0.815,0.251,0.371,-0.126,-0.026
131,Trevor Ariza,PHO,SF,74,27.0,-1.114,0.565,-0.72,0.768,-0.418,-0.569,0.931,-0.831,1.036,-0.039,-0.028
96,Kentavious Caldwell-Pope,LAL,SG,75,30.0,-0.929,0.565,0.13,0.887,-0.459,-0.3,0.931,-0.831,0.504,0.055,-0.028
153,Alex Len,ATL,C,72,22.0,0.993,-0.724,-0.7,-1.495,1.148,-0.892,-1.106,0.9,0.238,-0.182,-0.031
120,Fred VanVleet,TOR,PG,75,23.0,-0.929,0.683,-0.488,0.53,-0.872,0.616,0.349,-0.615,0.637,-0.01,-0.041
105,Kelly Olynyk,MIA,PF,72,24.0,0.365,0.151,-0.314,0.172,0.2,-0.192,-0.233,-0.182,-0.426,-0.051,-0.042
147,OG Anunoby,TOR,SF,78,26.0,0.272,-1.409,-0.681,0.291,-0.707,-0.946,0.349,-0.615,1.036,-0.268,-0.046
114,Marvin Williams,CHO,PF,78,26.0,-0.375,1.085,-0.565,0.53,0.035,-0.784,-0.815,0.034,1.036,0.02,-0.048
82,D'Angelo Russell,BRK,PG,65,30.0,-0.966,-0.133,1.116,1.125,-0.336,1.693,0.931,-0.398,-2.42,0.068,-0.053
213,Andre Iguodala,GSW,SF,65,24.0,0.198,-1.232,-1.299,-0.781,-0.624,0.185,0.058,-0.182,0.77,-0.323,-0.054
108,Malcolm Brogdon,MIL,PG,72,27.0,0.272,1.239,-0.295,0.053,-0.872,0.401,0.349,-0.831,0.238,0.062,-0.056
151,Ersan Ilyasova,MIL,PF,68,26.0,-0.671,-0.038,-0.314,0.53,0.406,-0.677,-0.233,-0.398,0.637,-0.084,-0.058
95,Brandon Ingram,LAL,SF,74,33.5,0.18,-1.078,0.865,-0.423,0.035,0.778,-0.233,0.034,-0.825,-0.074,-0.065
187,Josh Hart,LAL,SG,70,24.0,0.143,-0.44,-0.72,0.172,-0.295,-0.677,-0.233,-0.615,1.036,-0.181,-0.067
162,Michael Kidd-Gilchrist,CHO,SF,75,25.0,0.568,-0.286,-0.604,-1.495,0.076,-0.838,-0.233,0.251,1.169,-0.155,-0.072
104,Elfrid Payton,NOP,PG,70,30.0,-0.375,-1.067,-0.024,-0.781,-0.006,2.017,0.64,-0.398,-1.623,-0.18,-0.075
141,Gorgui Dieng,MIN,C,78,21.0,0.475,0.518,-1.125,-1.257,0.117,-0.784,-0.233,0.251,0.903,-0.126,-0.075
159,Marcin Gortat,LAC,C,79,23.0,1.233,-1.35,-0.951,-1.495,0.9,-0.677,-1.397,0.251,0.637,-0.317,-0.078
103,Zach LaVine,CHI,SG,62,32.0,-0.467,0.423,1.038,1.006,-0.336,0.293,0.349,-0.831,-0.559,0.102,-0.078
133,Bobby Portis,CHI,PF,72,22.0,0.124,-0.274,-0.063,-0.304,0.694,-0.677,-0.524,-0.398,0.504,-0.102,-0.083
150,Danny Green,TOR,SG,71,25.0,-1.576,0.175,-0.971,0.53,-0.624,-0.515,0.058,0.684,0.77,-0.163,-0.096
175,George Hill,CLE,PG,62,27.0,-0.079,0.128,-0.352,0.172,-0.789,0.185,0.058,-0.615,0.371,-0.102,-0.1
190,JaMychal Green,MEM,PF,64,26.0,0.198,-0.097,-0.739,-0.661,1.024,-0.784,-0.815,-0.182,0.504,-0.172,-0.102
76,Goran Dragic,MIA,PG,74,32.0,-0.135,0.163,0.749,0.649,-0.542,1.047,0.058,-0.831,-0.958,0.022,-0.102
100,Evan Fournier,ORL,SF,65,32.0,-0.282,0.979,0.884,1.125,-0.872,0.024,0.349,-1.048,-0.028,0.126,-0.105
126,Markieff Morris,WAS,PF,72,26.0,-0.098,0.565,-0.391,-0.304,0.159,-0.569,0.058,0.034,-0.028,-0.064,-0.107
129,Caris LeVert,BRK,SF,70,27.0,-0.615,-0.783,-0.159,0.172,-0.377,0.562,0.64,-0.615,-0.559,-0.193,-0.113
18,Devin Booker,PHO,SG,75,34.5,-0.652,1.286,2.371,1.959,-0.212,1.047,0.058,-0.615,-2.42,0.314,-0.119
74,Harrison Barnes,DAL,PF,76,34.0,-0.264,0.873,1.174,0.53,0.282,-0.407,-0.524,-0.831,0.371,0.134,-0.12
81,Andrew Wiggins,MIN,SF,80,36.5,-0.338,-0.783,1.502,0.172,-0.377,-0.3,0.64,0.034,-0.692,-0.016,-0.123
146,Mikal Bridges,PHO,0,72,25.0,-0.338,0.269,-0.526,-0.066,-0.542,-0.677,0.058,0.034,0.637,-0.128,-0.128
128,Jaylen Brown,BOS,SG,75,29.0,0.069,-1.197,0.227,0.291,-0.13,-0.623,0.058,-0.398,-0.16,-0.207,-0.128
75,Dario Saric,PHI,PF,78,27.0,-0.375,0.932,0.266,0.768,0.488,-0.084,-0.524,-0.615,-0.559,0.033,-0.129
98,Kyle Kuzma,LAL,PF,77,28.0,-0.264,-0.487,0.401,0.887,0.241,-0.569,-0.815,-0.398,-0.028,-0.115,-0.135
249,Dwight Powell,DAL,C,70,15.0,1.621,-0.286,-1.28,-1.257,-0.501,-1.054,-0.815,-0.398,1.435,-0.282,-0.138
186,Patrick Beverley,LAC,SG,67,22.0,-0.855,0.34,-1.029,0.291,-0.748,-0.03,0.349,-0.615,0.637,-0.184,-0.139
169,DeMarre Carroll,BRK,SF,72,25.0,-1.096,-0.393,-0.488,0.53,0.076,-0.623,-0.233,-0.398,0.77,-0.206,-0.139
134,Jeremy Lin,ATL,PG,60,24.0,-0.763,0.53,0.15,0.172,-0.666,1.155,0.349,-0.398,-0.825,-0.033,-0.139
171,Terrence Ross,ORL,SG,72,23.0,-0.597,0.21,-0.604,0.41,-0.954,-0.838,0.349,-0.398,1.036,-0.154,-0.142
142,Darren Collison,IND,PG,70,23.0,0.328,1.192,-0.584,-0.304,-1.284,0.616,0.058,-1.048,0.637,-0.043,-0.142
152,Trey Lyles,DEN,PF,74,22.0,0.087,-0.57,-0.237,-0.066,0.076,-0.731,-0.815,-0.182,0.637,-0.2,-0.142
135,Tyler Johnson,MIA,PG,72,26.0,-0.56,0.482,-0.237,0.291,-0.707,-0.246,-0.233,-0.182,0.637,-0.084,-0.143
107,Domantas Sabonis,IND,C,75,25.0,0.827,-0.251,-0.024,-1.257,1.23,-0.407,-0.815,-0.182,-0.426,-0.145,-0.147
89,J.J. Redick,PHI,SG,73,30.0,-0.227,1.476,0.594,1.72,-1.078,0.024,-0.815,-1.048,0.371,0.113,-0.15
130,Marcus Smart,BOS,SG,70,27.0,-1.669,0.08,-0.488,0.172,-0.666,0.562,1.222,-0.398,-0.293,-0.164,-0.153
160,Seth Curry,POR,PG,70,22.0,0.069,1.003,-0.526,0.649,-1.242,-0.246,0.058,-1.048,0.637,-0.072,-0.16
168,Marvin Bagley III,SAC,0,72,27.0,0.79,-1.409,-0.333,-1.019,0.818,-0.838,-0.815,-0.182,0.105,-0.32,-0.163
217,Glenn Robinson,DET,SF,70,23.0,0.254,-0.464,-0.99,-0.304,-0.624,-0.946,-0.233,-0.615,1.302,-0.291,-0.167
37,DeMar DeRozan,SAS,SG,77,33.5,-0.227,0.778,1.927,-0.185,-0.295,0.993,0.058,-0.831,-0.692,0.17,-0.168
210,Jerami Grant,OKC,PF,78,22.0,0.438,-1.504,-0.816,-0.9,-0.418,-1.0,-1.106,0.9,0.903,-0.389,-0.169
156,Brook Lopez,MIL,C,72,21.0,-0.116,-0.381,-0.295,0.172,-0.666,-0.677,-1.397,1.117,0.371,-0.208,-0.171
218,Reggie Bullock,DET,SF,65,25.0,-0.042,0.258,-0.642,0.649,-1.036,-0.623,-0.524,-0.831,1.169,-0.18,-0.177
208,Mike Muscala,PHI,C,65,21.0,-0.116,0.979,-0.971,0.053,-0.295,-0.731,-1.106,0.034,0.903,-0.139,-0.18
121,Mario Hezonja,NYK,SF,76,25.0,-0.689,0.695,-0.314,0.053,-0.418,-0.569,0.64,-0.398,0.105,-0.099,-0.182
149,P.J. Tucker,HOU,PF,79,27.0,-1.428,-0.18,-1.26,0.172,0.159,-0.838,0.349,-0.615,0.903,-0.304,-0.185
125,Eric Gordon,HOU,SG,68,31.0,-1.003,0.612,0.652,2.316,-1.078,-0.3,-0.815,-0.398,-0.028,-0.005,-0.187
223,Justise Winslow,MIA,PF,64,26.0,-0.597,-1.339,-0.797,-0.661,0.241,-0.3,-0.233,-0.182,0.371,-0.389,-0.194
139,Jae Crowder,UTA,SF,73,27.0,-0.8,0.459,-0.198,0.53,-0.459,-0.731,0.058,-0.615,0.637,-0.124,-0.197
111,Dennis Smith,DAL,PG,71,31.0,-1.207,-0.747,0.787,0.649,-0.459,1.532,0.64,-0.831,-1.755,-0.155,-0.204
183,T.J. McConnell,PHI,PG,77,18.0,0.124,0.045,-1.396,-1.138,-1.119,0.724,0.64,-1.048,0.371,-0.311,-0.207
193,Davis Bertans,SAS,PF,74,19.0,-0.264,0.813,-0.893,0.53,-1.036,-0.784,-1.106,0.034,1.169,-0.171,-0.208
240,Mitchell Robinson,NYK,0,72,16.0,0.882,-1.055,-1.299,-1.495,-0.253,-1.215,-1.106,0.684,1.036,-0.425,-0.21
144,Avery Bradley,LAC,SG,70,27.0,-0.541,-0.073,0.015,0.53,-0.707,-0.407,0.349,-0.831,0.105,-0.173,-0.215
206,Nemanja Bjelica,SAC,PF,70,22.5,-0.486,0.021,-1.048,0.053,-0.171,-0.677,-0.524,-0.615,0.903,-0.283,-0.217
164,Wesley Matthews,DAL,SF,70,29.0,-1.225,0.695,-0.468,0.887,-0.872,-0.246,0.058,-0.831,0.637,-0.152,-0.227
184,Wilson Chandler,PHI,SF,72,26.0,-0.467,-0.156,-0.584,0.053,-0.089,-0.515,-0.815,-0.398,0.637,-0.259,-0.228
194,Robin Lopez,CHI,C,74,22.0,1.011,-0.523,-0.816,-1.495,-0.047,-0.838,-1.979,1.117,0.637,-0.326,-0.228
136,Bogdan Bogdanovic,SAC,SG,72,26.0,-0.375,0.884,-0.295,0.41,-0.954,0.131,-0.233,-0.831,0.238,-0.114,-0.231
246,Zaza Pachulia,DET,C,70,15.0,1.196,0.388,-1.531,-1.495,-0.089,-0.731,-0.815,-0.615,0.903,-0.31,-0.235
124,Patty Mills,SAS,PG,79,26.0,-0.837,0.991,-0.333,1.006,-1.201,0.293,-0.233,-1.048,0.371,-0.11,-0.236
143,Josh Jackson,PHO,SF,77,27.0,-0.634,-1.291,0.324,-0.304,-0.253,-0.515,0.64,-0.182,-0.426,-0.293,-0.239
161,Terry Rozier,BOS,PG,77,23.0,-1.558,0.175,-0.642,0.41,-0.336,-0.03,-0.233,-0.831,0.903,-0.238,-0.239
215,Marquese Chriss,HOU,PF,75,18.0,-0.135,-1.599,-0.971,-0.542,-0.295,-1.0,-0.815,0.467,0.637,-0.473,-0.24
154,Kelly Oubre,WAS,SF,78,24.0,-0.892,0.4,-0.43,0.053,-0.459,-0.946,0.058,-0.398,0.77,-0.205,-0.259
176,Carmelo Anthony,HOU,PF,70,26.0,-1.059,0.246,0.246,0.53,-0.089,-0.838,-0.815,-0.182,0.637,-0.147,-0.259
165,Stanley Johnson,DET,SF,73,27.0,-1.484,0.021,-0.642,-0.185,-0.295,-0.407,0.931,-0.615,0.238,-0.271,-0.26
167,Jerian Grant,ORL,PG,72,24.0,-0.837,0.388,-0.758,-0.423,-1.036,0.778,0.349,-1.048,0.371,-0.246,-0.264
53,Lou Williams,LAC,SG,78,27.0,-0.56,1.263,0.942,0.887,-1.16,0.562,0.058,-0.831,-0.825,0.037,-0.267
188,Solomon Hill,NOP,SF,72,24.0,-0.652,1.192,-0.99,0.053,-0.707,-0.677,-0.524,-0.398,1.036,-0.185,-0.267
155,Ish Smith,DET,PG,81,22.0,-0.005,-0.736,-0.642,-0.9,-0.995,0.778,-0.524,-0.615,0.371,-0.363,-0.27
179,Rodney Hood,CLE,SG,68,25.0,-0.874,0.849,0.072,0.887,-0.913,-0.569,-0.233,-0.831,0.637,-0.108,-0.271
182,T.J. Warren,PHO,SF,66,25.0,0.365,-0.062,0.362,-1.138,-0.459,-0.946,-0.233,-0.398,0.903,-0.178,-0.272
207,James Ennis,HOU,SF,71,23.5,-0.042,0.364,-0.777,-0.304,-0.789,-0.838,-0.233,-0.615,0.903,-0.259,-0.274
174,Courtney Lee,NYK,SG,77,25.0,-0.375,1.476,-0.777,-0.304,-1.036,-0.515,0.058,-0.831,1.036,-0.141,-0.281
195,Danilo Gallinari,LAC,SF,58,27.0,-0.745,1.44,0.092,0.41,-0.377,-0.569,-1.106,-0.615,0.903,-0.063,-0.3
200,Jeremy Lamb,CHO,SG,74,18.0,-0.19,0.813,-0.623,-0.304,-0.748,-0.677,-0.815,-0.615,1.169,-0.221,-0.311
229,Thon Maker,MIL,C,75,18.0,-0.541,-0.712,-1.125,-0.661,-0.583,-1.054,-1.106,0.467,1.302,-0.446,-0.311
191,Luke Kennard,DET,SG,73,22.0,-0.282,1.014,-0.72,0.172,-0.954,-0.407,-0.524,-0.831,0.637,-0.211,-0.313
209,Justin Holiday,CHI,SG,74,22.0,-1.502,0.494,-0.932,0.41,-0.872,-0.677,-0.233,-0.398,1.036,-0.297,-0.319
192,Cory Joseph,IND,PG,78,23.0,-0.523,-0.239,-0.99,-0.542,-0.913,0.131,-0.233,-0.831,0.637,-0.389,-0.325
123,De'Aaron Fox,SAC,PG,76,30.0,-0.8,-0.192,0.246,-0.542,-0.789,1.155,0.349,-0.615,-1.091,-0.253,-0.333
244,Jon Leuer,DET,PF,70,18.0,0.642,0.577,-0.951,-0.9,-0.336,-0.892,-1.397,-0.615,1.169,-0.3,-0.333
233,Anthony Tolliver,MIN,PF,73,20.7,-0.301,-0.156,-1.029,0.41,-0.748,-0.892,-1.397,-0.615,1.169,-0.395,-0.339
237,Delon Wright,TOR,PG,68,15.0,-0.153,0.459,-1.28,-0.781,-1.201,-0.3,-0.233,-0.615,0.903,-0.356,-0.34
93,Isaiah Thomas,DEN,PG,73,24.0,-0.689,1.416,0.826,0.887,-1.284,0.67,-0.524,-1.048,-0.426,-0.019,-0.345
225,Tony Snell,MIL,SG,72,26.0,-0.578,0.754,-1.145,0.41,-1.078,-0.838,-0.815,-0.831,1.302,-0.313,-0.347
214,J.R. Smith,CLE,SG,75,26.0,-1.521,-0.854,-1.009,0.649,-0.913,-0.623,-0.233,-0.831,1.036,-0.478,-0.348
227,Wayne Ellington,MIA,SG,70,23.0,-1.299,0.979,-0.739,1.363,-1.16,-0.946,-0.815,-1.048,1.435,-0.248,-0.353
172,Jonathon Simmons,ORL,SG,71,27.5,-0.319,-0.038,-0.063,-0.185,-0.666,-0.3,-0.233,-0.615,-0.16,-0.287,-0.354
137,Bojan Bogdanovic,IND,SF,78,27.0,-0.116,1.085,-0.063,0.768,-0.748,-0.784,-1.106,-1.048,0.504,-0.168,-0.361
216,Kyle Korver,CLE,SG,71,22.0,-0.338,1.097,-0.951,0.768,-1.078,-0.784,-1.397,-0.615,0.903,-0.266,-0.363
202,Denzel Valentine,CHI,SG,75,22.0,-1.281,0.021,-0.874,0.53,-0.459,-0.138,-0.815,-1.048,0.637,-0.381,-0.368
122,Trae Young,ATL,0,72,27.5,-1.336,0.364,-0.043,0.41,-0.954,1.532,0.058,-0.831,-1.49,-0.254,-0.373
239,Austin Rivers,WAS,SG,66,24.0,-0.671,-1.126,-0.41,0.291,-1.284,-0.138,-0.524,-0.831,0.504,-0.465,-0.379
224,Joe Harris,BRK,SG,74,20.0,0.143,0.34,-0.835,0.41,-0.995,-0.784,-1.397,-0.831,0.77,-0.353,-0.383
106,Dennis Schroder,OKC,PG,72,25.0,-0.486,0.896,0.594,-0.066,-1.078,1.316,-0.233,-1.048,-1.091,-0.133,-0.384
212,Frank Kaminsky,CHO,PF,75,22.0,-1.077,0.128,-0.546,0.172,-0.542,-0.569,-1.106,-0.615,1.036,-0.347,-0.386
166,Reggie Jackson,DET,PG,60,27.0,-0.763,0.967,0.536,0.053,-0.954,1.478,-0.524,-1.048,-0.958,-0.135,-0.388
211,Zach Collins,POR,C,75,23.0,-0.837,-1.232,-0.951,-0.423,0.076,-0.784,-1.397,0.251,0.371,-0.547,-0.392
181,Dante Exum,UTA,PG,70,21.0,0.18,0.577,-0.507,-0.9,-1.078,0.562,-0.524,-0.831,-0.16,-0.298,-0.393
226,Ryan Anderson,PHO,PF,70,23.0,-0.763,0.66,-0.642,0.768,-0.459,-1.108,-1.688,-0.831,1.302,-0.307,-0.397
220,Royce O'Neale,UTA,SF,74,20.0,-0.781,0.589,-1.183,-0.423,-0.501,-0.569,-0.815,-0.615,0.903,-0.377,-0.4
157,Jordan Clarkson,CLE,SG,79,22.0,-0.301,0.541,-0.14,0.053,-1.078,-0.3,-0.524,-1.048,0.371,-0.27,-0.404
204,Evan Turner,POR,SF,76,24.0,-0.504,0.742,-0.951,-0.9,-0.748,-0.138,-0.524,-0.398,0.371,-0.339,-0.406
238,Tyus Jones,MIN,PG,75,15.0,-0.412,1.144,-1.55,-0.9,-1.49,0.024,-0.233,-1.048,1.169,-0.366,-0.413
222,Marcus Morris,BOS,PF,74,22.4,-0.818,0.151,-0.584,0.172,-0.501,-0.731,-1.106,-0.831,0.903,-0.372,-0.416
236,Michael Beasley,LAL,PF,70,15.0,0.827,-0.097,-0.72,-1.019,-0.501,-0.946,-1.397,-0.398,0.504,-0.416,-0.419
219,Shai Gilgeous-Alexander,LAC,0,72,22.0,-0.634,0.068,-0.932,-1.138,-1.036,0.185,0.058,-0.615,0.238,-0.423,-0.42
199,Frank Ntilikina,NYK,PG,72,25.0,-1.484,0.092,-0.932,-0.423,-1.036,0.508,0.349,-0.831,-0.028,-0.421,-0.421
243,Dion Waiters,MIA,SG,60,26.0,-1.151,-0.736,-0.237,0.172,-1.036,0.185,-0.233,-0.615,-0.293,-0.438,-0.424
197,Dillon Brooks,MEM,SF,78,24.0,-0.56,-0.144,-0.526,-0.066,-0.954,-0.677,-0.233,-0.831,0.238,-0.417,-0.44
242,Yogi Ferrell,SAC,SG,70,20.0,-0.892,0.553,-0.893,0.053,-1.201,-0.3,-0.815,-1.048,1.036,-0.39,-0.452
228,Spencer Dinwiddie,BRK,PG,70,18.0,-1.096,0.435,-0.951,-0.304,-1.201,0.508,-1.106,-0.831,0.77,-0.42,-0.466
234,Miles Bridges,CHO,0,72,20.0,-0.948,0.305,-0.913,-0.423,-0.459,-0.569,-1.106,-0.398,0.637,-0.43,-0.467
189,Marco Belinelli,SAS,SG,77,23.0,-0.689,1.393,-0.449,0.291,-1.325,-0.515,-0.815,-1.048,0.77,-0.265,-0.476
241,Zach Randolph,SAC,PF,64,20.0,-0.282,-0.026,-0.43,-0.661,0.282,-0.677,-1.106,-1.048,0.105,-0.427,-0.484
235,Ian Clark,NOP,SG,75,20.0,-0.135,0.116,-0.835,-0.304,-1.284,-0.515,-1.106,-0.831,0.77,-0.458,-0.486
230,Andrew Harrison,MEM,PG,74,20.0,-1.022,-0.097,-0.913,-0.423,-1.242,0.024,-0.815,-0.615,0.637,-0.496,-0.494
245,Doug McDermott,IND,SF,77,22.0,-0.024,0.589,-0.816,0.172,-1.078,-0.946,-1.979,-0.831,1.169,-0.416,-0.502
180,D.J. Augustin,ORL,PG,73,24.0,-0.855,0.813,-0.488,0.291,-1.242,0.508,-0.815,-1.264,-0.16,-0.357,-0.505
248,J.J. Barea,DAL,PG,65,18.0,-0.689,0.222,-0.816,-0.066,-1.242,0.993,-1.397,-1.264,0.105,-0.462,-0.509
250,Lance Stephenson,LAL,SG,76,18.0,-0.708,-1.149,-1.048,-0.781,-0.418,-0.192,-1.106,-0.831,0.238,-0.666,-0.543
247,Dragan Bender,PHO,PF,78,19.5,-1.281,-0.369,-1.338,-0.066,-0.624,-0.784,-1.979,0.034,0.637,-0.641,-0.58
231,Collin Sexton,CLE,0,72,26.0,-1.059,-0.263,-0.295,-0.661,-0.83,0.077,-0.524,-0.831,-0.426,-0.535,-0.608
